structure,operation,position,n,timeMs
DynamicArray,insert,0,100,1
LinkedList,insert,0,100,0
DynamicArray,remove,0,100,0
LinkedList,remove,0,100,0
DynamicArray,insert,middle,100,0
LinkedList,insert,middle,100,0
DynamicArray,remove,middle,100,0
LinkedList,remove,middle,100,0
DynamicArray,insert,0,1000,4
LinkedList,insert,0,1000,0
DynamicArray,remove,0,1000,0
LinkedList,remove,0,1000,0
DynamicArray,insert,middle,1000,0
LinkedList,insert,middle,1000,0
DynamicArray,remove,middle,1000,0
LinkedList,remove,middle,1000,0
DynamicArray,insert,0,10000,0
LinkedList,insert,0,10000,0
DynamicArray,remove,0,10000,4
LinkedList,remove,0,10000,0
DynamicArray,insert,middle,10000,0
LinkedList,insert,middle,10000,11
DynamicArray,remove,middle,10000,0
LinkedList,remove,middle,10000,9
DynamicArray,insert,0,100000,5
LinkedList,insert,0,100000,0
DynamicArray,remove,0,100000,5
LinkedList,remove,0,100000,0
DynamicArray,insert,middle,100000,2
LinkedList,insert,middle,100000,80
DynamicArray,remove,middle,100000,3
LinkedList,remove,middle,100000,78
